<?xml version="1.0" encoding="UTF-8"?>
<project-private xmlns="http://www.netbeans.org/ns/project-private/1">
    <editor-bookmarks xmlns="http://www.netbeans.org/ns/editor-bookmarks/2" lastBookmarkId="0"/>
    <open-files xmlns="http://www.netbeans.org/ns/projectui-open-files/2">
        <group>
            <file>file:/C:/DanielaLFreire/Simulation_QueuePriority/src/simulation/QueueAddInput.java</file>
            <file>file:/C:/DanielaLFreire/Simulation_QueuePriority/SimulationqPrior.txt</file>
            <file>file:/C:/DanielaLFreire/Simulation_QueuePriority/Resumo.txt</file>
            <file>file:/C:/DanielaLFreire/Simulation_QueuePriority/src/simulation/AllocateThread.java</file>
            <file>file:/C:/DanielaLFreire/Simulation_QueuePriority/SimulationMqRR.txt</file>
            <file>file:/C:/DanielaLFreire/Simulation_QueuePriority/SimulationFIFO.txt</file>
            <file>file:/C:/DanielaLFreire/Simulation_QueuePriority/src/simulation/QueuePriority.java</file>
            <file>file:/C:/DanielaLFreire/Simulation_QueuePriority/src/simulation/Start.java</file>
            <file>file:/C:/DanielaLFreire/Simulation_QueuePriority/SimulationRR.txt</file>
        </group>
    </open-files>
</project-private>
